City_ID,City,Country,Date,Lat,Lng,Max Temp,Humidity,Cloudiness,Wind Speed
0,Abdulino,RU,2021-09-15 00:52:29,53.7,53.6667,58.73,59,100,8.28
1,Hermanus,ZA,2021-09-15 00:49:06,-34.4187,19.2345,53.91,63,100,7.7
2,Dikson,RU,2021-09-15 00:50:16,73.5069,80.5464,39.76,92,19,17.49
3,Tasiilaq,GL,2021-09-15 00:45:48,65.6145,-37.6368,39.36,69,100,3.06
4,Lavrentiya,RU,2021-09-15 00:47:00,65.5833,-171.0,42.08,72,100,8.93
5,Saint George,US,2021-09-15 00:52:30,37.1041,-113.5841,99.19,9,1,1.01
6,Arraial Do Cabo,BR,2021-09-15 00:50:17,-22.9661,-42.0278,72.7,89,20,22.62
7,Torrington,US,2021-09-15 00:51:26,41.8007,-73.1212,70.61,89,12,4.79
8,Port Alfred,ZA,2021-09-15 00:49:01,-33.5906,26.891,62.06,86,100,13.6
9,Loei,TH,2021-09-15 00:52:30,17.4167,101.5,67.37,99,100,1.21
10,Bengkulu,ID,2021-09-15 00:46:57,-3.8004,102.2655,78.57,75,87,3.58
11,Boca Do Acre,BR,2021-09-15 00:52:31,-8.7522,-67.3978,78.21,71,97,1.12
12,Bima,ID,2021-09-15 00:52:31,-8.4667,118.7167,86.14,59,93,4.12
13,Cherskiy,RU,2021-09-15 00:48:58,68.75,161.3,42.13,82,100,1.99
14,Tuktoyaktuk,CA,2021-09-15 00:49:28,69.4541,-133.0374,48.2,66,20,9.22
15,East London,ZA,2021-09-15 00:49:26,-33.0153,27.9116,63.25,69,100,20.4
16,Provideniya,RU,2021-09-15 00:51:39,64.3833,-173.3,46.51,61,90,6.71
17,Ilulissat,GL,2021-09-15 00:52:32,69.2167,-51.1,21.22,91,100,5.88
18,Kapaa,US,2021-09-15 00:49:19,22.0752,-159.319,87.78,66,40,3.0
19,Cidreira,BR,2021-09-15 00:50:32,-30.1811,-50.2056,61.43,88,100,13.91
20,Lazarev,RU,2021-09-15 00:52:32,52.225,141.5131,57.97,58,0,4.23
21,Kursenai,LT,2021-09-15 00:52:33,55.985,22.9189,41.25,87,0,2.15
22,Hasaki,JP,2021-09-15 00:48:52,35.7333,140.8333,75.6,81,100,8.03
23,Jamestown,US,2021-09-15 00:49:22,42.097,-79.2353,76.01,77,1,7.0
24,Port Elizabeth,ZA,2021-09-15 00:49:08,-33.918,25.5701,56.1,94,75,18.41
25,Clyde River,CA,2021-09-15 00:52:34,70.4692,-68.5914,29.1,63,13,0.98
26,Bredasdorp,ZA,2021-09-15 00:49:21,-34.5322,20.0403,51.12,82,100,4.61
27,Busselton,AU,2021-09-15 00:44:51,-33.65,115.3333,60.04,70,96,13.49
28,Aswan,EG,2021-09-15 00:52:34,24.0934,32.907,87.12,28,0,9.48
29,Tanete,ID,2021-09-15 00:52:35,-3.9443,119.7848,81.72,79,48,9.55
30,Atuona,PF,2021-09-15 00:49:13,-9.8,-139.0333,78.26,70,0,20.76
31,Thanh Hoa,VN,2021-09-15 00:50:32,19.8,105.7667,80.08,90,100,3.15
32,Fukue,JP,2021-09-15 00:52:35,32.6881,128.8419,77.36,88,75,10.36
33,Avarua,CK,2021-09-15 00:49:22,-21.2078,-159.775,78.85,73,40,17.27
34,Hobart,AU,2021-09-15 00:46:40,-42.8794,147.3294,52.27,66,75,3.0
35,Albany,US,2021-09-15 00:45:07,42.6001,-73.9662,72.73,80,100,7.11
36,Faanui,PF,2021-09-15 00:49:07,-16.4833,-151.75,79.43,71,2,18.45
37,Mar Del Plata,AR,2021-09-15 00:51:40,-38.0023,-57.5575,42.82,87,0,4.61
38,Sao Filipe,CV,2021-09-15 00:51:13,14.8961,-24.4956,79.34,85,100,4.47
39,Kavieng,PG,2021-09-15 00:49:41,-2.5744,150.7967,82.04,79,36,15.55
40,Lubumbashi,CD,2021-09-15 00:51:22,-11.6609,27.4794,73.83,36,100,4.09
41,Mount Isa,AU,2021-09-15 00:50:35,-20.7333,139.5,82.17,9,7,14.97
42,Khatanga,RU,2021-09-15 00:49:55,71.9667,102.5,40.6,90,67,2.66
43,Cape Town,ZA,2021-09-15 00:44:22,-33.9258,18.4232,54.12,76,40,6.91
44,Sturgis,US,2021-09-15 00:52:39,41.7992,-85.4192,74.86,57,75,0.0
45,Saldanha,ZA,2021-09-15 00:50:01,-33.0117,17.9442,50.05,63,72,16.51
46,Ternate,ID,2021-09-15 00:52:39,0.8,127.4,81.59,76,100,4.21
47,Hithadhoo,MV,2021-09-15 00:49:18,-0.6,73.0833,83.66,72,11,11.79
48,Sawtell,AU,2021-09-15 00:52:40,-30.3833,153.1,65.19,60,40,18.41
49,Yellowknife,CA,2021-09-15 00:48:49,62.456,-114.3525,50.52,100,90,8.05
50,Bathsheba,BB,2021-09-15 00:49:46,13.2167,-59.5167,81.21,89,20,6.91
51,Chuy,UY,2021-09-15 00:45:44,-33.6971,-53.4616,48.72,78,0,10.04
52,Lebu,CL,2021-09-15 00:47:15,-37.6167,-73.65,47.37,77,100,7.7
53,Luderitz,NA,2021-09-15 00:48:31,-26.6481,15.1594,51.73,74,0,14.81
54,Barrow,US,2021-09-15 00:46:19,71.2906,-156.7887,39.22,81,75,9.22
55,Mataura,NZ,2021-09-15 00:44:45,-46.1927,168.8643,49.48,49,10,5.14
56,Cururupu,BR,2021-09-15 00:52:22,-1.8283,-44.8683,74.44,94,5,2.13
57,Severo-Kurilsk,RU,2021-09-15 00:49:54,50.6789,156.125,51.8,83,54,11.63
58,Butaritari,KI,2021-09-15 00:48:59,3.0707,172.7902,82.89,71,13,12.41
59,Pilar,BR,2021-09-15 00:52:41,-9.5972,-35.9567,75.13,95,23,1.68
60,Cayenne,GF,2021-09-15 00:47:26,4.9333,-52.3333,83.08,81,0,1.01
61,Norman Wells,CA,2021-09-15 00:46:55,65.282,-126.8329,48.24,87,90,2.3
62,Lata,PT,2021-09-15 00:50:40,40.1629,-8.3327,65.07,91,100,0.98
63,Saint-Philippe,RE,2021-09-15 00:50:14,-21.3585,55.7679,67.59,79,40,8.46
64,New Norfolk,AU,2021-09-15 00:49:02,-42.7826,147.0587,51.93,61,87,1.39
65,Constitucion,CL,2021-09-15 00:51:45,-35.3333,-72.4167,48.09,76,0,11.65
66,Plettenberg Bay,ZA,2021-09-15 00:52:43,-34.0527,23.3716,55.04,83,100,8.05
67,Georgetown,MY,2021-09-15 00:50:06,5.4112,100.3354,80.53,85,20,1.01
68,Shitkino,RU,2021-09-15 00:52:43,56.3703,98.3543,41.23,87,93,9.93
69,Cabadiangan,PH,2021-09-15 00:52:43,9.7531,122.4739,83.93,67,100,1.63
70,Flinders,AU,2021-09-15 00:47:54,-34.5833,150.8552,60.21,63,71,5.01
71,Hambantota,LK,2021-09-15 00:50:10,6.1241,81.1185,79.14,100,20,8.05
72,Cabedelo,BR,2021-09-15 00:48:26,-6.9811,-34.8339,77.67,87,2,12.24
73,Lubao,PH,2021-09-15 00:52:44,14.9167,120.55,86.14,77,9,4.05
74,Peace River,CA,2021-09-15 00:45:35,56.2501,-117.286,59.31,72,75,8.05
75,Qaanaaq,GL,2021-09-15 00:49:07,77.484,-69.3632,17.69,91,85,5.82
76,Saint-Joseph,RE,2021-09-15 00:48:06,-21.3667,55.6167,66.58,78,36,4.18
77,Sorland,NO,2021-09-15 00:51:50,67.667,12.6934,47.95,66,2,7.18
78,Fern Creek,US,2021-09-15 00:52:45,38.1598,-85.5877,82.22,73,1,6.91
79,Ribeira Grande,PT,2021-09-15 00:50:07,38.5167,-28.7,69.35,75,10,6.93
80,San Cristobal,VE,2021-09-15 00:51:18,7.7669,-72.225,71.78,85,58,2.1
81,Bluff,NZ,2021-09-15 00:48:54,-46.6,168.3333,49.8,68,100,14.9
82,Padang,ID,2021-09-15 00:48:46,-0.9492,100.3543,73.45,72,84,2.28
83,Great Yarmouth,GB,2021-09-15 00:52:46,52.6083,1.7305,61.45,94,100,13.27
84,Ushuaia,AR,2021-09-15 00:49:17,-54.8,-68.3,33.46,60,75,20.71
85,Faya,SA,2021-09-15 00:52:46,18.3851,42.4509,66.31,52,8,3.06
86,Norrtalje,SE,2021-09-15 00:52:46,59.758,18.705,54.01,88,6,3.87
87,Kang,BW,2021-09-15 00:52:47,-23.6752,22.7876,64.89,21,3,8.34
88,Punta Arenas,CL,2021-09-15 00:48:58,-53.15,-70.9167,35.71,75,40,26.46
89,Carnarvon,AU,2021-09-15 00:50:56,-24.8667,113.6333,66.27,59,75,8.05
90,Harwich,GB,2021-09-15 00:52:47,51.9419,1.2844,61.5,96,93,5.01
91,Harper,LR,2021-09-15 00:52:48,4.375,-7.7169,77.02,88,100,10.96
92,Malayal,PH,2021-09-15 00:52:48,7.208,121.942,84.0,71,100,2.21
93,Kalmunai,LK,2021-09-15 00:52:48,7.4167,81.8167,79.27,81,81,11.01
94,Guerrero Negro,MX,2021-09-15 00:46:15,27.9769,-114.0611,74.08,69,0,17.63
95,Ahipara,NZ,2021-09-15 00:51:29,-35.1667,173.1667,64.78,76,100,10.67
96,Chaiyaphum,TH,2021-09-15 00:52:49,15.75,102.0,77.77,84,100,5.55
97,Bubaque,GW,2021-09-15 00:52:50,11.2833,-15.8333,80.56,82,11,8.99
98,Diamantina,BR,2021-09-15 00:51:11,-18.2494,-43.6003,68.04,30,24,4.52
99,Lompoc,US,2021-09-15 00:48:44,34.6391,-120.4579,79.79,74,1,11.5
100,Qaqortoq,GL,2021-09-15 00:52:50,60.7167,-46.0333,38.7,67,12,3.6
101,Rikitea,PF,2021-09-15 00:49:23,-23.1203,-134.9692,74.25,78,62,13.42
102,Mangrol,IN,2021-09-15 00:52:51,21.1167,70.1167,80.37,92,100,15.12
103,Artyom,AZ,2021-09-15 00:52:51,40.4723,50.333,66.34,74,0,16.84
104,Fortuna,US,2021-09-15 00:44:47,40.5982,-124.1573,65.32,68,20,1.99
105,Arona,ES,2021-09-15 00:52:52,28.0996,-16.681,68.31,77,20,3.44
106,Kavaratti,IN,2021-09-15 00:49:51,10.5669,72.642,81.25,80,100,19.86
107,Noumea,NC,2021-09-15 00:49:41,-22.2763,166.4572,87.78,61,6,7.52
108,Goderich,CA,2021-09-15 00:47:57,43.7501,-81.7165,72.21,78,100,11.5
109,Porbandar,IN,2021-09-15 00:52:53,21.6422,69.6093,80.19,91,100,11.59
110,Domoni,KM,2021-09-15 00:52:54,-12.2569,44.5319,74.77,87,63,3.62
111,Sao Goncalo Do Amarante,BR,2021-09-15 00:52:54,-3.6072,-38.9683,80.64,84,0,8.63
112,Half Moon Bay,US,2021-09-15 00:51:24,37.4636,-122.4286,88.81,70,20,20.71
113,Vaini,TO,2021-09-15 00:48:57,-21.2,-175.2,80.76,83,40,6.91
114,Peniche,PT,2021-09-15 00:52:56,39.3558,-9.3811,68.45,94,73,1.48
115,Katsuura,JP,2021-09-15 00:49:59,35.1333,140.3,73.51,86,100,11.65
116,Castro,BR,2021-09-15 00:48:59,-24.7911,-50.0119,64.44,98,100,2.01
117,Eureka,US,2021-09-15 00:52:59,40.8021,-124.1637,65.12,73,2,1.01
118,Mabaruma,GY,2021-09-15 00:52:59,8.2,-59.7833,78.57,84,0,4.92
119,Ambon,ID,2021-09-15 00:53:00,-3.6954,128.1814,84.34,84,20,2.3
120,Oranjestad,AW,2021-09-15 00:53:01,12.524,-70.027,84.15,79,20,10.36
121,Grand Gaube,MU,2021-09-15 00:46:37,-20.0064,57.6608,67.37,81,15,5.99
122,Nacozari,MX,2021-09-15 00:53:02,25.3366,-108.2574,84.43,75,5,8.72
123,Nikolskoye,RU,2021-09-15 00:49:47,59.7035,30.7861,46.29,80,12,8.95
124,Talnakh,RU,2021-09-15 00:51:18,69.4865,88.3972,40.42,89,100,6.64
125,Puerto Ayora,EC,2021-09-15 00:42:47,-0.7393,-90.3518,67.55,93,26,5.01
126,Qui Nhon,VN,2021-09-15 00:53:24,13.7667,109.2333,83.5,78,100,11.32
127,Redlands,US,2021-09-15 00:49:13,34.0556,-117.1825,97.68,23,1,3.0
128,San Patricio,US,2021-09-15 00:46:11,28.017,-97.5169,91.81,63,100,9.82
129,Pangnirtung,CA,2021-09-15 00:47:47,66.1451,-65.7125,32.38,67,57,5.03
130,Bay Roberts,CA,2021-09-15 00:53:25,47.5999,-53.2648,56.05,80,41,5.01
131,Baruun-Urt,MN,2021-09-15 00:53:25,46.6806,113.2792,53.92,92,100,8.7
132,Penalva,BR,2021-09-15 00:53:26,-3.2942,-45.1736,74.55,88,0,4.32
133,Teguldet,RU,2021-09-15 00:45:29,57.3064,88.1667,35.56,96,100,4.14
134,Pokaran,IN,2021-09-15 00:53:26,26.9167,71.9167,85.17,69,21,10.78
135,Amalapuram,IN,2021-09-15 00:53:27,16.5833,82.0167,79.18,89,100,3.98
136,Podor,MR,2021-09-15 00:53:27,16.6527,-14.9587,89.55,58,0,2.3
137,Christchurch,NZ,2021-09-15 00:53:27,-43.5333,172.6333,52.92,60,7,4.0
138,Nanakuli,US,2021-09-15 00:53:28,21.3906,-158.1547,86.04,47,40,14.97
139,Tazovskiy,RU,2021-09-15 00:50:52,67.4667,78.7,40.71,94,100,5.44
140,La Palma,US,2021-09-15 00:53:28,33.8464,-118.0467,93.96,69,20,5.01
141,Saskylakh,RU,2021-09-15 00:49:18,71.9167,114.0833,43.72,86,100,6.93
142,Chokurdakh,RU,2021-09-15 00:49:04,70.6333,147.9167,38.1,76,100,10.69
143,Oum Hadjer,TD,2021-09-15 00:52:27,13.2954,19.6966,76.44,73,100,2.66
144,Abha,SA,2021-09-15 00:53:29,18.2164,42.5053,66.02,59,0,0.0
145,San Rafael,AR,2021-09-15 00:53:29,-34.6177,-68.3301,55.67,28,0,10.96
146,Huilong,CN,2021-09-15 00:53:30,31.8111,121.655,78.04,88,100,20.78
147,Deputatskiy,RU,2021-09-15 00:53:30,69.3,139.9,48.43,67,29,3.22
148,Pisco,PE,2021-09-15 00:46:51,-13.7,-76.2167,61.02,88,20,6.91
149,Goundam,ML,2021-09-15 00:53:31,16.4145,-3.6708,90.5,36,41,6.73
150,Chara,RU,2021-09-15 00:48:21,56.9064,118.2631,47.34,91,100,11.03
151,Kirovsk,UA,2021-09-15 00:53:31,48.6375,38.6428,62.53,60,68,6.31
152,Sinnamary,GF,2021-09-15 00:53:31,5.3833,-52.95,78.64,85,0,7.67
153,Pevek,RU,2021-09-15 00:51:52,69.7008,170.3133,32.94,89,100,4.76
154,Puerto El Triunfo,SV,2021-09-15 00:53:32,13.2833,-88.55,79.79,82,89,5.28
155,Codrington,AU,2021-09-15 00:45:43,-38.2667,141.9667,52.21,68,100,5.37
156,Dakar,SN,2021-09-15 00:49:21,14.6937,-17.4441,82.53,89,20,0.0
157,Bilibino,RU,2021-09-15 00:46:18,68.0546,166.4372,38.7,95,100,2.73
158,Ancud,CL,2021-09-15 00:48:29,-41.8697,-73.8203,48.42,92,100,12.82
159,Viedma,AR,2021-09-15 00:48:38,-40.8135,-62.9967,47.34,41,63,8.88
160,Sao Miguel Do Araguaia,BR,2021-09-15 00:53:33,-13.275,-50.1628,85.21,22,41,4.52
161,Roseto Degli Abruzzi,IT,2021-09-15 00:53:33,42.6664,14.0227,69.21,44,15,6.02
162,Huangzhai,CN,2021-09-15 00:53:33,38.0751,112.6595,70.21,73,100,4.65
163,Ankang,CN,2021-09-15 00:46:59,32.68,109.0172,73.4,73,5,2.98
164,Hami,CN,2021-09-15 00:48:29,42.8,93.45,72.48,23,5,7.36
165,Santa Cruz,BO,2021-09-15 00:52:01,-17.8,-63.1667,72.86,83,40,8.05
166,Itanhandu,BR,2021-09-15 00:53:34,-22.2958,-44.9347,75.11,36,91,1.36
167,Hilo,US,2021-09-15 00:49:01,19.7297,-155.09,83.93,69,1,10.36
168,Sibu,MY,2021-09-15 00:53:34,2.3,111.8167,73.71,94,40,3.44
169,Sibolga,ID,2021-09-15 00:44:48,1.7427,98.7792,79.5,71,100,1.81
170,Avera,US,2021-09-15 00:52:16,33.194,-82.5271,77.72,59,100,6.89
171,Mbanza-Ngungu,CD,2021-09-15 00:53:35,-5.25,14.8667,74.07,67,5,7.25
172,Antofagasta,CL,2021-09-15 00:51:14,-23.65,-70.4,58.28,82,92,3.78
173,Anloga,GH,2021-09-15 00:53:36,5.7947,0.8973,75.42,88,91,11.34
174,Fort Nelson,CA,2021-09-15 00:51:27,58.8053,-122.7002,51.39,54,75,4.61
175,Vila Franca Do Campo,PT,2021-09-15 00:50:42,37.7167,-25.4333,66.61,83,12,3.94
176,Road Town,VG,2021-09-15 00:48:22,18.4167,-64.6167,84.2,80,99,15.84
177,Ho Chi Minh City,VN,2021-09-15 00:49:35,10.75,106.6667,77.02,100,75,3.44
178,Roma,US,2021-09-15 00:52:14,43.2128,-75.4557,78.66,86,20,9.22
179,Kodiak,US,2021-09-15 00:49:59,57.79,-152.4072,52.16,61,19,13.73
180,Canavieiras,BR,2021-09-15 00:53:37,-15.675,-38.9472,71.82,89,0,6.08
181,Upernavik,GL,2021-09-15 00:51:21,72.7868,-56.1549,26.2,67,38,5.3
182,Englewood,US,2021-09-15 00:51:00,39.6478,-104.9878,75.18,59,40,9.22
183,Opuwo,NA,2021-09-15 00:50:38,-18.0607,13.84,63.97,37,0,3.96
184,Saint-Francois,FR,2021-09-15 00:49:23,46.4154,3.9054,66.47,100,100,3.44
185,Lagoa,PT,2021-09-15 00:50:42,39.05,-27.9833,68.04,76,68,5.88
186,Mao,ES,2021-09-15 00:53:37,39.8885,4.2658,81.16,65,0,19.57
187,Preobrazheniye,RU,2021-09-15 00:53:38,42.9019,133.9064,65.68,56,0,3.85
188,Alofi,NU,2021-09-15 00:51:38,-19.0595,-169.9187,82.29,74,75,11.5
189,Sitka,US,2021-09-15 00:48:14,57.0531,-135.33,53.49,76,90,14.97
190,Vestmanna,FO,2021-09-15 00:53:38,62.1564,-7.1664,49.12,100,90,0.0
191,Bondo,CD,2021-09-15 00:53:38,3.8146,23.6866,65.86,98,100,1.43
192,Roxas,PH,2021-09-15 00:53:39,11.5853,122.7511,83.89,77,95,7.49
193,Xining,CN,2021-09-15 00:53:39,36.6167,101.7667,49.84,90,100,4.43
194,Panjab,AF,2021-09-15 00:53:39,34.388,67.0233,45.07,27,0,4.92
195,Koson,UZ,2021-09-15 00:53:40,39.0375,65.585,62.92,18,0,2.95
196,Rovaniemi,FI,2021-09-15 00:47:51,66.5,25.7167,40.41,87,90,8.05
197,Korla,CN,2021-09-15 00:53:40,41.7597,86.1469,70.68,29,92,6.8
198,Nuuk,GL,2021-09-15 00:53:41,64.1835,-51.7216,35.87,59,0,12.19
199,Vanavara,RU,2021-09-15 00:50:21,60.34,102.2797,42.51,77,98,5.57
200,Ponta Do Sol,PT,2021-09-15 00:50:01,32.6667,-17.1,74.03,75,29,7.74
201,Placido De Castro,BR,2021-09-15 00:53:13,-10.3353,-67.1856,80.49,58,24,2.71
202,Thompson,CA,2021-09-15 00:49:48,55.7435,-97.8558,53.76,66,75,4.61
203,Upington,ZA,2021-09-15 00:53:42,-28.4478,21.2561,52.18,50,0,8.05
204,Maniitsoq,GL,2021-09-15 00:50:37,65.4167,-52.9,35.35,61,2,10.4
205,Tadine,NC,2021-09-15 00:53:42,-21.55,167.8833,77.34,69,0,13.06
206,Abu Samrah,SY,2021-09-15 00:47:50,35.3029,37.1841,69.96,80,0,6.49
207,Isla Mujeres,MX,2021-09-15 00:51:20,21.2311,-86.731,87.85,81,100,8.57
208,Bambous Virieux,MU,2021-09-15 00:45:08,-20.3428,57.7575,67.21,94,20,5.75
209,Kieta,PG,2021-09-15 00:53:43,-6.2167,155.6333,77.77,88,100,6.02
210,Swan Hill,AU,2021-09-15 00:53:43,-35.3378,143.5544,60.48,42,2,4.65
211,Bethel,US,2021-09-15 00:49:52,41.3712,-73.414,71.96,83,1,5.75
212,Teluk Nibung,ID,2021-09-15 00:53:44,3.001,99.8164,77.79,81,100,3.2
213,Elko,US,2021-09-15 00:48:38,41.0002,-115.5012,82.42,16,0,10.0
214,Yaizu,JP,2021-09-15 00:53:44,34.8667,138.3333,78.91,83,40,9.22
215,Paamiut,GL,2021-09-15 00:53:44,61.994,-49.6678,37.99,71,0,19.91
216,Lac Du Bonnet,CA,2021-09-15 00:53:45,50.2536,-96.0612,54.52,66,1,2.08
217,Shangqiu,CN,2021-09-15 00:53:45,34.45,115.65,76.17,77,11,4.59
218,Airai,TL,2021-09-15 00:45:39,-8.9266,125.4092,74.37,42,69,4.88
219,Tuatapere,NZ,2021-09-15 00:49:42,-46.1333,167.6833,49.82,57,20,6.24
220,Semenyih,MY,2021-09-15 00:53:46,2.9516,101.843,80.38,78,100,0.47
221,De Haan,BE,2021-09-15 00:53:46,51.272,3.0429,65.44,91,20,5.75
222,Anshun,CN,2021-09-15 00:53:46,26.25,105.9333,69.44,86,27,6.85
223,Sao Joao Da Barra,BR,2021-09-15 00:51:40,-21.6403,-41.0511,73.9,88,1,18.92
224,Dunedin,NZ,2021-09-15 00:48:48,-45.8742,170.5036,49.35,54,3,2.91
225,Cordoba,AR,2021-09-15 00:51:19,-31.4135,-64.1811,58.75,30,0,6.91
226,Sola,VU,2021-09-15 00:46:43,-13.8833,167.55,81.27,78,75,0.0
227,Tortoli,IT,2021-09-15 00:46:43,39.9256,9.6572,71.42,83,0,2.3
228,Zhigansk,RU,2021-09-15 00:47:01,66.7697,123.3711,48.45,93,100,12.66
229,Baoding,CN,2021-09-15 00:53:47,38.8511,115.4903,70.47,65,74,3.38
230,Komsomolskiy,UZ,2021-09-15 00:53:48,40.4272,71.7189,65.62,31,0,9.22
231,Aleppo,SY,2021-09-15 00:53:48,36.25,37.5,69.12,78,0,10.18
232,Haldibari,IN,2021-09-15 00:53:48,26.3333,88.7667,78.21,91,100,1.59
233,Gambela,ET,2021-09-15 00:53:48,8.25,34.5833,71.11,72,90,2.64
234,Bhilwara,IN,2021-09-15 00:53:49,25.35,74.6333,75.51,94,36,8.32
235,Dno,RU,2021-09-15 00:53:49,57.8277,29.9637,43.0,88,61,8.3
236,Balaghat,IN,2021-09-15 00:53:49,21.8,80.1833,74.43,99,100,3.78
237,Calvinia,ZA,2021-09-15 00:53:50,-31.4707,19.776,42.67,88,99,4.59
238,Port-Cartier,CA,2021-09-15 00:53:50,50.0334,-66.8654,46.74,71,100,3.15
239,Deep River,CA,2021-09-15 00:53:50,46.1001,-77.4995,70.43,98,100,7.16
240,Buraydah,SA,2021-09-15 00:53:51,26.326,43.975,81.05,21,6,7.43
241,Leningradskiy,RU,2021-09-15 00:51:01,69.3833,178.4167,31.69,89,99,13.76
242,Alugan,PH,2021-09-15 00:53:51,12.2188,125.4808,84.92,70,90,7.61
243,Leh,IN,2021-09-15 00:47:52,34.1667,77.5833,53.82,37,0,2.84
244,Techiman,GH,2021-09-15 00:53:52,7.5862,-1.9414,69.75,98,100,3.36
245,Mouzouras,GR,2021-09-15 00:53:52,35.5333,24.15,74.43,78,0,5.75
246,Baykit,RU,2021-09-15 00:53:53,61.67,96.37,40.08,96,99,1.23
247,Muleba,TZ,2021-09-15 00:53:53,-1.8397,31.6544,64.67,61,97,4.07
248,Richards Bay,ZA,2021-09-15 00:51:26,-28.783,32.0377,70.05,84,50,15.79
249,Samarai,PG,2021-09-15 00:50:21,-10.6167,150.6667,80.01,81,63,14.97
250,Longyearbyen,SJ,2021-09-15 00:46:46,78.2186,15.6401,33.64,86,75,2.3
251,Ust-Kuyga,RU,2021-09-15 00:53:55,70.0167,135.6,52.86,52,87,1.39
252,Kaitangata,NZ,2021-09-15 00:49:40,-46.2817,169.8464,51.12,48,6,5.35
253,Yenagoa,NG,2021-09-15 00:51:35,4.9247,6.2642,74.43,92,58,2.75
254,Namibe,AO,2021-09-15 00:52:09,-15.1961,12.1522,59.85,86,11,2.64
255,Vao,NC,2021-09-15 00:49:52,-22.6667,167.4833,72.03,86,2,22.32
256,Bundaberg,AU,2021-09-15 00:53:56,-24.85,152.35,68.29,32,1,10.36
257,Iacu,BR,2021-09-15 00:53:57,-12.7672,-40.2117,70.61,82,0,3.74
258,Nelson Bay,AU,2021-09-15 00:53:57,-32.7167,152.15,62.29,92,96,1.99
259,Praya,CV,2021-09-15 00:50:50,14.9215,-23.5087,79.34,83,20,9.22
260,Saint-Ambroise,CA,2021-09-15 00:53:58,48.5501,-71.3324,54.14,56,100,11.86
261,Nanortalik,GL,2021-09-15 00:51:36,60.1432,-45.2371,38.17,80,13,9.17
262,Lac-Megantic,CA,2021-09-15 00:53:58,45.5834,-70.8823,62.22,80,76,4.94
263,Olafsvik,IS,2021-09-15 00:49:43,64.8945,-23.7142,48.36,73,100,22.32
264,Puri,IN,2021-09-15 00:53:58,19.8,85.85,82.92,83,100,17.22
265,Klyuchi,RU,2021-09-15 00:49:23,52.2667,79.1667,52.66,48,5,8.7
266,Fort Saint James,CA,2021-09-15 00:53:59,54.4333,-124.25,58.66,38,46,12.82
267,Yuzhou,CN,2021-09-15 00:53:59,34.1628,113.4639,75.47,80,85,6.87
268,Beringovskiy,RU,2021-09-15 00:49:41,63.05,179.3167,42.49,64,100,13.69
269,Varzob,TJ,2021-09-15 00:53:59,38.7737,68.8178,60.53,26,0,5.79
270,Capao Da Canoa,BR,2021-09-15 00:54:00,-29.7456,-50.0097,61.43,94,100,15.26
271,Ketchikan,US,2021-09-15 00:54:00,55.3422,-131.6461,54.88,67,38,2.64
272,Disa,IN,2021-09-15 00:54:00,24.25,72.1667,82.22,78,8,4.03
273,Victoria,HK,2021-09-15 00:49:24,22.2855,114.1577,87.96,76,46,6.49
274,New Iberia,US,2021-09-15 00:50:19,30.0035,-91.8187,77.97,88,90,12.66
275,Coahuayana,MX,2021-09-15 00:51:19,18.7333,-103.6833,75.33,94,100,1.43
276,Kharagpur,IN,2021-09-15 00:54:01,22.3333,87.3333,76.95,97,100,8.41
277,Buala,SB,2021-09-15 00:50:21,-8.145,159.5921,84.88,68,100,9.89
278,George Town,MY,2021-09-15 00:54:02,5.4112,100.3354,80.53,85,20,2.3
279,Hay River,CA,2021-09-15 00:54:02,60.8156,-115.7999,64.38,45,75,8.05
280,Westport,US,2021-09-15 00:48:44,41.1415,-73.3579,73.98,86,1,5.01
281,Inyonga,TZ,2021-09-15 00:54:02,-6.7167,32.0667,71.22,45,96,7.07
282,Virginia Beach,US,2021-09-15 00:49:13,36.8529,-75.978,83.01,75,20,5.75
283,Vestmannaeyjar,IS,2021-09-15 00:47:56,63.4427,-20.2734,50.92,71,5,16.4
284,Souillac,MU,2021-09-15 00:50:07,-20.5167,57.5167,67.35,94,20,5.75
285,Vila Do Maio,CV,2021-09-15 00:54:03,15.1333,-23.2167,79.59,81,99,11.97
286,Ati,TD,2021-09-15 00:54:04,13.2154,18.3353,78.51,72,100,6.53
287,Hokitika,NZ,2021-09-15 00:50:08,-42.7167,170.9667,51.82,47,0,5.82
288,Ternitz,AT,2021-09-15 00:54:04,47.7156,16.0357,65.71,84,0,3.65
289,Axim,GH,2021-09-15 00:46:15,4.8699,-2.2405,75.25,90,100,5.46
290,Broken Hill,AU,2021-09-15 00:51:41,-31.95,141.4333,60.51,29,35,9.22
291,Mozarlandia,BR,2021-09-15 00:54:06,-14.7447,-50.5706,86.22,19,10,1.01
292,Herat,AF,2021-09-15 00:54:07,34.5,62.0,66.65,13,0,7.92
293,Oro Valley,US,2021-09-15 00:50:37,32.3909,-110.9665,100.58,21,0,5.99
294,Moussoro,TD,2021-09-15 00:54:08,13.6408,16.4901,80.46,63,100,6.82
295,Mumford,GH,2021-09-15 00:54:10,5.2618,-0.759,74.52,92,100,6.78
296,Goure,NE,2021-09-15 00:54:10,13.9835,10.2704,82.02,57,11,3.83
297,Dwarka,IN,2021-09-15 00:54:13,22.2394,68.9678,80.47,92,100,13.38
298,Kletskaya,RU,2021-09-15 00:54:17,49.3145,43.0584,67.91,55,92,8.32
299,Salalah,OM,2021-09-15 00:50:11,17.0151,54.0924,79.77,85,100,5.08
300,Kalemie,CD,2021-09-15 00:54:56,-5.9475,29.1947,76.51,53,99,1.83
301,Narsaq,GL,2021-09-15 00:46:29,60.9167,-46.05,35.82,63,11,4.18
302,Abu Dhabi,AE,2021-09-15 00:48:03,24.4667,54.3667,89.71,84,0,4.61
303,Klaksvik,FO,2021-09-15 00:48:20,62.2266,-6.589,50.92,93,100,7.92
304,College,US,2021-09-15 00:52:00,64.8569,-147.8028,59.41,44,1,1.99
305,Asyut,EG,2021-09-15 00:55:11,27.181,31.1837,82.58,30,0,7.72
306,Damghan,IR,2021-09-15 00:55:11,36.1683,54.348,73.58,19,0,4.76
307,Sao Felix Do Xingu,BR,2021-09-15 00:55:11,-6.6447,-51.995,82.17,43,49,0.36
308,Tenenkou,ML,2021-09-15 00:55:12,14.4572,-4.9169,80.38,68,100,7.43
309,Nemuro,JP,2021-09-15 00:48:12,43.3236,145.575,61.23,63,0,1.52
310,Agirish,RU,2021-09-15 00:55:12,61.9247,63.0231,38.59,85,100,5.77
311,Micomeseng,GQ,2021-09-15 00:55:13,2.1462,10.6164,69.24,99,91,2.77
312,Esso,RU,2021-09-15 00:55:15,55.9333,158.7,52.77,37,0,3.98
313,Chichester,GB,2021-09-15 00:55:51,50.8367,-0.78,62.6,94,49,9.71
314,Yulara,AU,2021-09-15 00:55:15,-25.2406,130.9889,71.44,17,0,8.05
315,Kiunga,PG,2021-09-15 00:56:39,-6.1219,141.2906,84.25,70,69,3.31
316,Sechura,PE,2021-09-15 00:56:40,-5.5569,-80.8222,64.54,80,6,18.01
317,Touros,BR,2021-09-15 00:49:46,-5.1989,-35.4608,77.9,83,1,14.0
318,Terrace Bay,CA,2021-09-15 00:56:40,48.7834,-87.1,55.02,91,43,7.67
319,La Colmena,PY,2021-09-15 00:56:41,-25.8833,-56.8167,64.42,73,100,10.16
320,Shimoda,JP,2021-09-15 00:56:41,34.6667,138.95,78.91,86,92,13.29
321,Coihaique,CL,2021-09-15 00:56:42,-45.5752,-72.0662,44.55,81,90,4.61
322,Havelock,US,2021-09-15 00:56:42,34.8791,-76.9013,79.95,88,0,5.99
323,Bento Goncalves,BR,2021-09-15 00:56:43,-29.1714,-51.5192,61.56,96,100,5.5
324,Cody,US,2021-09-15 00:56:44,44.5263,-109.0565,71.91,38,100,6.24
325,Zelenoborsk,RU,2021-09-15 00:56:46,61.4669,64.0333,40.33,77,100,6.62
326,Moron,AR,2021-09-15 00:55:43,-34.6534,-58.6198,53.96,66,5,3.06
327,Keflavik,IS,2021-09-15 00:56:46,64.0049,-22.5624,48.63,76,75,18.41
328,Iqaluit,CA,2021-09-15 00:56:47,63.7506,-68.5145,35.33,75,75,3.44
329,Ferme-Neuve,CA,2021-09-15 00:56:47,46.7001,-75.4493,62.38,92,100,11.25
330,Geraldton,AU,2021-09-15 00:47:29,-28.7667,114.6,59.41,77,36,10.36
331,Burnie,AU,2021-09-15 00:56:48,-41.0667,145.9167,52.3,60,8,4.45
332,Concordia,AR,2021-09-15 00:56:50,-31.393,-58.0209,51.21,56,0,4.9
333,Dicabisagan,PH,2021-09-15 00:56:51,17.0818,122.4157,85.77,67,0,1.01
334,Akyab,MM,2021-09-15 00:56:51,20.15,92.9,79.47,88,100,5.93
335,Cabo San Lucas,MX,2021-09-15 00:53:23,22.8909,-109.9124,88.61,84,27,13.6
336,Alice Springs,AU,2021-09-15 00:45:42,-23.7,133.8833,80.15,12,0,6.91
337,Kontagora,NG,2021-09-15 00:57:02,10.3999,5.4695,72.28,94,100,3.62
338,Port-Gentil,GA,2021-09-15 00:51:25,-0.7193,8.7815,76.32,85,100,10.94
339,Balsas,BR,2021-09-15 00:57:03,-7.5325,-46.0356,83.12,31,11,2.08
340,Haines Junction,CA,2021-09-15 00:48:03,60.7522,-137.5108,51.75,50,100,9.22
341,Havre-Saint-Pierre,CA,2021-09-15 00:57:05,50.2334,-63.5986,53.6,81,1,5.75
342,Kharp,RU,2021-09-15 00:57:07,66.8014,65.8081,41.23,90,100,6.02
343,Sargatskoye,RU,2021-09-15 00:57:09,55.6101,73.4972,51.98,82,100,9.46
344,Esperance,AU,2021-09-15 00:53:19,-33.8667,121.9,57.04,57,91,19.17
345,Bumba,CD,2021-09-15 00:57:16,2.1833,22.4667,69.51,99,100,1.72
346,Dalvik,IS,2021-09-15 00:57:29,65.9702,-18.5286,48.13,71,80,14.34
347,Matongo,TZ,2021-09-15 00:57:31,-2.3833,34.0833,70.57,52,45,4.76
348,Qujing,CN,2021-09-15 00:57:32,25.4833,103.7833,65.55,83,68,3.98
349,Selestat,FR,2021-09-15 00:57:32,48.2598,7.4565,71.1,88,100,2.3
350,Lakes Entrance,AU,2021-09-15 00:57:33,-37.8811,147.981,55.17,62,17,3.47
351,Kijang,KR,2021-09-15 00:57:34,35.2442,129.2139,74.93,68,100,24.67
352,Vacaria,BR,2021-09-15 00:57:34,-28.5122,-50.9339,57.7,98,100,6.08
353,Pyshma,RU,2021-09-15 00:57:35,56.9523,63.2513,51.33,87,98,6.53
354,Umba,RU,2021-09-15 00:57:35,66.6871,34.3429,39.07,90,80,10.0
355,Bambanglipuro,ID,2021-09-15 00:57:36,-7.95,110.2833,78.53,79,100,2.55
356,Bantogon,PH,2021-09-15 00:57:37,6.5333,124.0333,82.54,74,94,3.33
357,Altay,CN,2021-09-15 00:57:37,47.8667,88.1167,53.82,16,0,4.09
358,Viransehir,TR,2021-09-15 00:55:18,37.2353,39.7631,72.64,44,0,4.27
359,Port Hedland,AU,2021-09-15 00:45:53,-20.3167,118.5667,77.05,69,64,9.22
360,San Carlos De Bariloche,AR,2021-09-15 00:48:15,-41.1456,-71.3082,40.75,70,75,23.02
361,Porto Walter,BR,2021-09-15 00:57:38,-8.2686,-72.7439,80.74,54,52,2.75
362,Key West,US,2021-09-15 00:54:36,24.5557,-81.7826,84.0,70,98,12.28
363,Saint-Augustin,CA,2021-09-15 00:57:39,51.226,-58.6502,40.51,66,7,8.88
364,Nouadhibou,MR,2021-09-15 00:50:20,20.931,-17.0347,76.98,69,2,17.27
365,Qasigiannguit,GL,2021-09-15 00:57:41,68.8193,-51.1922,24.84,95,100,4.5
366,Lasa,IT,2021-09-15 00:55:22,46.6166,10.7002,62.02,92,99,1.9
367,Micheweni,TZ,2021-09-15 00:57:42,-4.9667,39.8333,75.06,85,42,10.6
368,Lengshuitan,CN,2021-09-15 00:57:42,26.4111,111.5956,84.38,59,9,4.74
369,Dhidhdhoo,MV,2021-09-15 00:53:22,6.8833,73.1,83.23,76,95,15.37
370,Emerald,AU,2021-09-15 00:57:43,-23.5333,148.1667,69.94,26,0,13.8
371,Santiago Del Estero,AR,2021-09-15 00:54:20,-27.7951,-64.2615,55.8,16,0,7.78
372,Linxia,CN,2021-09-15 00:57:44,35.6003,103.2064,55.63,90,100,4.54
373,Uyo,NG,2021-09-15 00:57:45,5.0333,7.9266,72.77,96,100,2.42
374,Karabash,RU,2021-09-15 00:57:46,55.4808,60.2157,53.19,55,100,4.97
375,Parkes,AU,2021-09-15 00:57:47,-33.1333,148.1833,58.5,46,4,5.73
376,Egvekinot,RU,2021-09-15 00:57:48,66.3167,-179.1667,36.79,68,26,1.12
377,Parita,PA,2021-09-15 00:57:48,8.0,-80.5167,77.74,85,12,3.2
378,Sunrise Manor,US,2021-09-15 00:57:49,36.2111,-115.0731,103.24,7,1,3.44
379,Tateyama,JP,2021-09-15 00:57:50,34.9833,139.8667,73.67,85,100,10.51
380,Margate,GB,2021-09-15 00:57:50,51.3813,1.3862,62.31,99,93,12.62
381,Torbay,CA,2021-09-15 00:54:45,47.6666,-52.7314,55.27,89,90,13.8
382,Maketu,NZ,2021-09-15 00:57:53,-37.7667,176.45,53.94,99,100,10.42
383,Aasiaat,GL,2021-09-15 00:57:54,68.7098,-52.8699,26.47,95,98,3.91
384,Tiksi,RU,2021-09-15 00:57:55,71.6872,128.8694,39.92,94,100,8.25
385,Atyrau,KZ,2021-09-15 00:57:55,47.1167,51.8833,57.22,54,0,6.71
386,Grand Island,US,2021-09-15 00:57:56,40.925,-98.342,71.2,72,0,5.3
387,Sainte-Maxime,FR,2021-09-15 00:57:57,43.3,6.6333,72.95,92,100,7.0
388,Kibala,TD,2021-09-15 00:57:58,9.1104,18.3463,78.75,94,0,0.0
389,Birao,CF,2021-09-15 00:57:58,10.2849,22.7882,68.83,97,12,3.56
390,Akkermanovka,RU,2021-09-15 00:57:59,51.2467,58.2391,56.98,41,20,4.92
391,Comodoro Rivadavia,AR,2021-09-15 00:57:59,-45.8667,-67.5,55.26,41,0,26.46
392,Shuyskoye,RU,2021-09-15 00:57:59,59.3736,41.0305,38.62,94,80,8.55
393,Todos Santos,MX,2021-09-15 00:58:00,23.45,-110.2167,88.11,81,34,7.81
394,Kloulklubed,PW,2021-09-15 00:58:00,7.0419,134.2556,83.32,70,97,5.01
395,Palmer,US,2021-09-15 00:58:01,42.1584,-72.3287,68.04,73,60,4.61
396,Novaya Mayna,RU,2021-09-15 00:58:01,54.15,49.75,53.64,93,100,5.93
397,Torrijos,ES,2021-09-15 00:58:02,39.9819,-4.2835,67.84,92,98,3.96
398,Saint-Pierre,RE,2021-09-15 00:54:40,-21.3393,55.4781,67.68,70,75,8.05
399,Warrington,GB,2021-09-15 00:58:04,53.3925,-2.5802,57.94,93,12,1.01
400,Jurado,CO,2021-09-15 00:58:04,7.1053,-77.7641,78.12,86,100,3.42
401,Kuching,MY,2021-09-15 00:58:04,1.55,110.3333,75.42,94,40,4.61
402,Roura,GF,2021-09-15 00:58:06,4.7263,-52.3274,82.96,94,0,0.0
403,Trairi,BR,2021-09-15 00:55:04,-3.2778,-39.2689,78.82,85,0,10.45
404,Fairhope,US,2021-09-15 00:54:17,30.523,-87.9033,77.7,86,100,1.99
405,Abay,KZ,2021-09-15 00:58:07,49.6311,72.8539,50.74,24,94,5.93
406,Corinto,GR,2021-09-15 00:58:08,37.9407,22.9573,73.76,44,0,3.58
407,Salmas,IR,2021-09-15 00:58:08,38.1973,44.7653,58.19,35,0,0.89
408,San Angelo,US,2021-09-15 00:58:09,31.4638,-100.437,85.53,51,0,4.0
409,Igurubi,TZ,2021-09-15 00:58:09,-4.0,33.7,71.42,50,100,14.65
410,Poum,NC,2021-09-15 00:54:31,-20.2333,164.0167,75.27,85,22,14.7
411,Port Lincoln,AU,2021-09-15 00:56:50,-34.7333,135.8667,57.67,65,10,13.29
412,Sausar,IN,2021-09-15 00:58:11,21.65,78.7833,76.35,95,99,5.84
413,Zamania,IN,2021-09-15 00:58:11,25.4333,83.5667,76.35,96,100,17.49
414,Seryshevo,RU,2021-09-15 00:58:11,51.0933,128.3786,59.25,78,100,6.87
415,Plouzane,FR,2021-09-15 00:58:12,48.3833,-4.6167,60.89,100,90,5.75
416,Priekule,LV,2021-09-15 00:58:13,56.4468,21.5897,36.72,88,0,3.04
417,Barcelona,ES,2021-09-15 00:57:16,41.3888,2.159,78.8,87,40,7.0
418,Turbat,PK,2021-09-15 00:58:13,26.0023,63.044,85.69,47,100,3.85
419,Cockburn Town,TC,2021-09-15 00:57:46,21.4612,-71.1419,80.56,74,75,2.3
420,Wanning,CN,2021-09-15 00:58:15,18.8003,110.3967,83.97,79,100,10.78
421,Tonantins,BR,2021-09-15 00:58:15,-2.8731,-67.8022,73.18,96,25,2.46
422,Tahta,EG,2021-09-15 00:58:16,26.7693,31.5021,84.52,30,0,6.91
423,Bull Savanna,JM,2021-09-15 00:58:16,17.8868,-77.5902,77.83,83,70,6.6
424,Biltine,TD,2021-09-15 00:58:16,14.5333,20.9167,78.17,73,38,6.6
425,Lethem,GY,2021-09-15 00:58:17,3.3803,-59.7968,80.19,64,10,5.77
426,Kruisfontein,ZA,2021-09-15 00:45:52,-34.0033,24.7314,53.89,83,99,12.41
427,Murmashi,RU,2021-09-15 00:58:17,68.8154,32.8115,36.01,100,75,2.24
428,Biak,ID,2021-09-15 00:58:18,-0.9131,122.8766,77.63,84,95,6.51
429,Nalbari,IN,2021-09-15 00:58:18,26.4456,91.4354,78.78,91,100,3.78
430,Bam,IR,2021-09-15 00:58:18,29.106,58.357,78.78,10,0,7.09
431,Sumenep,ID,2021-09-15 00:58:19,-7.0167,113.8667,83.66,67,82,5.77
432,Umm Lajj,SA,2021-09-15 00:58:19,25.0213,37.2685,84.6,62,5,10.67
433,Tukrah,LY,2021-09-15 00:57:43,32.5341,20.5791,76.59,65,3,9.17
434,Mahajanga,MG,2021-09-15 00:58:20,-15.7167,46.3167,69.82,73,20,1.14
435,Kyabe,TD,2021-09-15 00:58:20,9.4515,18.9449,72.77,95,99,2.71
436,Popondetta,PG,2021-09-15 00:51:55,-8.7537,148.2534,88.36,54,100,4.88
437,Boueni,YT,2021-09-15 00:58:21,-12.9025,45.0761,76.98,76,25,5.32
438,Dhule,IN,2021-09-15 00:58:21,20.9,74.7833,76.46,85,97,5.39
439,Svetlogorsk,BY,2021-09-15 00:58:22,52.6333,29.7333,44.85,69,100,5.66
440,Bilma,NE,2021-09-15 00:58:22,18.6853,12.9164,90.36,21,0,4.14
441,Port Moresby,PG,2021-09-15 00:58:22,-9.4431,147.1797,87.22,58,40,11.5
442,Mehamn,NO,2021-09-15 00:45:27,71.0357,27.8492,41.81,80,100,5.35
443,Dingle,PH,2021-09-15 00:51:21,10.9995,122.6711,81.99,82,97,6.44
444,Karaton,ID,2021-09-15 00:58:23,-6.3424,106.1045,75.36,79,99,4.23
445,Makinsk,KZ,2021-09-15 00:58:23,52.6292,70.4169,47.73,50,21,7.99
446,Khor,RU,2021-09-15 00:58:24,47.8861,134.9464,62.47,48,0,6.33
447,Ericeira,PT,2021-09-15 00:58:24,38.9627,-9.4156,68.31,98,60,2.59
448,Neuquen,AR,2021-09-15 00:49:03,-38.9516,-68.0591,55.29,41,0,9.22
449,Rioja,AR,2021-09-15 00:58:25,-29.4111,-66.8507,54.25,17,0,3.11
450,Dongsheng,CN,2021-09-15 00:53:32,39.8161,109.9776,60.08,89,100,11.92
451,Adre,TD,2021-09-15 00:58:26,13.4667,22.2,70.9,86,9,3.18
452,Fasa,IR,2021-09-15 00:58:27,28.9383,53.6482,63.64,24,0,4.61
453,Kaniama,CD,2021-09-15 00:58:27,-7.5667,24.1833,75.36,48,99,3.8
454,Santa Fe,AR,2021-09-15 00:55:55,-31.6333,-60.7,55.74,56,0,5.73
455,Senneterre,CA,2021-09-15 00:58:28,48.3835,-77.2328,57.42,94,100,16.22
456,Sayyan,YE,2021-09-15 00:58:29,15.1718,44.3244,63.77,24,7,9.08
457,Chase,CA,2021-09-15 00:58:29,50.8165,-119.6857,58.14,74,100,4.18
458,Berdigestyakh,RU,2021-09-15 00:58:29,62.0989,126.6992,55.4,57,100,6.22
459,Wajima,JP,2021-09-15 00:50:49,37.4,136.9,74.08,68,20,11.5
460,Chumikan,RU,2021-09-15 00:58:30,54.7183,135.315,61.92,62,5,19.08
461,Yaan,NG,2021-09-15 00:58:31,7.3833,8.5667,73.42,93,99,3.67
462,Baicheng,CN,2021-09-15 00:58:31,45.6167,122.8167,62.55,72,100,4.94
463,Coueron,FR,2021-09-15 00:58:32,47.2151,-1.7217,65.08,95,20,4.61
464,Kurchum,KZ,2021-09-15 00:58:32,48.5722,83.6542,51.76,23,0,5.68
465,Saint-Georges,GD,2021-09-15 00:50:22,12.0564,-61.7485,82.08,83,20,0.0
466,Karasburg,NA,2021-09-15 00:58:33,-28.0167,18.75,40.5,87,0,9.75
467,Villarrica,PY,2021-09-15 00:51:32,-25.75,-56.4333,64.65,79,91,10.63
468,Orsha,BY,2021-09-15 00:58:33,54.5153,30.4053,41.74,94,81,7.56
469,Sorkjosen,NO,2021-09-15 00:58:34,69.8,20.9333,43.61,93,100,2.55
470,Tessalit,ML,2021-09-15 00:58:35,20.1986,1.0114,90.19,19,6,12.01
471,Port Keats,AU,2021-09-15 00:58:35,-14.25,129.55,87.22,54,72,6.55
472,Astoria,US,2021-09-15 00:58:35,46.1879,-123.8313,72.09,72,100,3.0
473,Colomi,BO,2021-09-15 00:58:36,-17.35,-65.8667,59.02,86,100,6.6
474,Vostok,RU,2021-09-15 00:51:28,46.4856,135.8833,58.39,44,6,4.05
475,Ziarat,PK,2021-09-15 00:48:37,30.3823,67.7282,60.93,66,3,1.01
476,Teahupoo,PF,2021-09-15 00:58:37,-17.8333,-149.2667,76.96,72,20,18.28
477,Ordynskoye,RU,2021-09-15 00:58:37,54.3656,81.8994,52.3,74,100,10.11
478,Conceicao Do Araguaia,BR,2021-09-15 00:58:38,-8.2578,-49.2647,84.33,58,0,5.75
479,Nioro,GM,2021-09-15 00:58:39,13.35,-15.75,75.85,96,12,5.99
480,Marsa Matruh,EG,2021-09-15 00:54:13,31.3525,27.2453,77.2,61,20,10.36
481,Mocuba,MZ,2021-09-15 00:58:39,-16.8392,36.9856,73.13,58,83,5.21
482,Ahmadpur Sial,PK,2021-09-15 00:58:40,30.6754,71.7483,84.07,64,0,3.53
483,Tuy Hoa,VN,2021-09-15 00:54:55,13.0833,109.3,83.21,76,84,6.55
484,Mareeba,AU,2021-09-15 00:52:27,-17.0,145.4333,79.48,39,95,8.25
485,Mutare,ZW,2021-09-15 00:55:06,-18.9707,32.6709,60.46,82,0,2.93
486,Srednekolymsk,RU,2021-09-15 00:58:41,67.45,153.6833,55.67,52,100,5.1
487,Ferkessedougou,CI,2021-09-15 00:58:42,9.6,-5.2,71.1,94,100,4.0
488,Lahaina,US,2021-09-15 00:58:43,20.8783,-156.6825,78.57,70,16,10.63
489,Zhangye,CN,2021-09-15 00:58:43,38.9342,100.4517,63.66,53,100,3.94
490,Perth,AU,2021-09-15 00:58:08,-31.9333,115.8333,62.78,77,0,6.91
491,Hervey Bay,AU,2021-09-15 00:57:33,-25.2986,152.8535,68.11,38,0,7.29
492,Banjar,ID,2021-09-15 00:58:45,-8.19,114.9675,78.66,70,100,3.65
493,Vila Velha,BR,2021-09-15 00:54:55,-20.3297,-40.2925,76.95,78,0,14.97
494,Corinth,GR,2021-09-15 00:58:46,37.9407,22.9573,73.76,44,0,3.58
495,Kungurtug,RU,2021-09-15 00:58:51,50.5994,97.5228,45.73,55,23,0.29
496,Puerto Escondido,MX,2021-09-15 00:58:56,15.85,-97.0667,81.27,84,62,12.28
497,Nome,US,2021-09-15 00:51:03,64.5011,-165.4064,55.17,66,90,6.91
498,Kolokani,ML,2021-09-15 00:58:57,13.5728,-8.0339,70.81,87,100,8.93
499,Aksu,CN,2021-09-15 00:55:10,41.1231,80.2644,67.39,49,44,4.27
500,Oistins,BB,2021-09-15 00:58:57,13.0667,-59.5333,80.69,89,20,6.91
501,Werota,ET,2021-09-15 00:58:58,11.9167,37.7,58.15,91,11,2.28
502,Tautira,PF,2021-09-15 00:58:58,-17.7333,-149.15,82.42,72,19,17.49
503,Kirkwood,US,2021-09-15 00:58:59,38.5834,-90.4068,74.7,92,75,8.05
504,Bouna,CI,2021-09-15 00:59:00,9.2667,-3.0,71.2,96,100,2.04
505,Aleksandrov Gay,RU,2021-09-15 00:49:37,50.147,48.5704,64.08,46,30,10.83
506,Tromso,NO,2021-09-15 00:59:00,69.6496,18.957,41.02,93,75,0.0
507,Camacha,PT,2021-09-15 00:59:01,33.0833,-16.3333,71.02,78,40,13.8
508,Rocha,UY,2021-09-15 00:59:01,-34.4833,-54.3333,47.12,83,0,12.41
509,Kuryk,KZ,2021-09-15 00:59:02,43.2,51.65,69.53,57,0,8.5
510,Necochea,AR,2021-09-15 00:59:02,-38.5473,-58.7368,39.04,79,0,7.49
511,Abashiri,JP,2021-09-15 00:55:40,44.0213,144.2697,59.29,72,40,4.61
512,Wenling,CN,2021-09-15 00:59:03,28.3669,121.36,79.47,66,69,10.96
513,Spornoye,RU,2021-09-15 00:59:03,50.8448,37.2913,46.42,49,100,7.81
514,Camargo,MX,2021-09-15 00:59:04,27.6667,-105.1667,83.93,26,0,4.36
515,Muravlenko,RU,2021-09-15 00:59:04,63.7898,74.523,40.53,94,100,11.18
516,Turukhansk,RU,2021-09-15 00:59:05,65.8167,87.9833,37.54,89,97,9.55
517,Jackson,US,2021-09-15 00:59:05,42.4165,-122.8345,90.86,20,0,4.0
518,Caravelas,BR,2021-09-15 00:45:09,-17.7125,-39.2481,74.19,84,3,9.62
519,Savannah Bight,HN,2021-09-15 00:59:06,16.45,-85.85,84.25,79,17,19.24
520,Buluang,PH,2021-09-15 00:59:07,13.3068,123.3425,85.68,71,96,1.88
521,Dinagat,PH,2021-09-15 00:59:07,9.9561,125.5933,83.95,71,14,7.27
522,Kahului,US,2021-09-15 00:46:08,20.8947,-156.47,84.22,61,40,17.27
523,Kinkala,CG,2021-09-15 00:59:08,-4.3614,14.7644,73.71,66,6,5.64
524,Arrecife,ES,2021-09-15 00:59:08,28.963,-13.5477,73.47,78,0,4.61
525,Potosi,BO,2021-09-15 00:59:09,-19.5836,-65.7531,47.5,54,67,3.83
526,Saiha,IN,2021-09-15 00:59:09,22.4833,92.9667,70.54,97,100,2.08
527,Kushmurun,KZ,2021-09-15 00:59:10,52.4503,64.6311,57.88,36,100,13.38
528,Mapiripan,CO,2021-09-15 00:56:06,2.8892,-72.1256,77.95,79,57,3.6
529,Westerland,DE,2021-09-15 00:59:10,54.9079,8.3033,59.02,88,75,13.8
530,Manicore,BR,2021-09-15 00:59:11,-5.8092,-61.3003,75.15,88,0,6.91
531,Pingzhuang,CN,2021-09-15 00:59:12,42.0372,119.2889,63.63,54,85,7.61
532,Piracicaba,BR,2021-09-15 00:59:13,-22.7253,-47.6492,76.73,57,100,11.25
533,Kenora,CA,2021-09-15 00:59:14,49.8167,-94.4337,64.38,82,40,4.61
534,Tarko-Sale,RU,2021-09-15 00:59:14,64.9225,77.785,41.4,93,100,2.26
535,Seoul,KR,2021-09-15 00:55:01,37.5683,126.9778,74.8,57,0,8.05
536,Hukuntsi,BW,2021-09-15 00:59:15,-24.0,21.75,58.23,29,0,6.33
537,Coracao De Jesus,BR,2021-09-15 00:59:15,-16.6853,-44.365,77.95,26,43,6.51
538,Beruwala,LK,2021-09-15 00:59:15,6.4788,79.9828,78.71,86,92,3.09
539,Adrar,MR,2021-09-15 00:59:16,20.5022,-10.0711,92.46,21,18,15.61
540,Mattru,SL,2021-09-15 00:59:16,7.6244,-11.8332,73.63,97,100,0.76
541,Valparaiso,CL,2021-09-15 00:59:16,-33.0393,-71.6273,56.84,67,0,6.91
542,Chapais,CA,2021-09-15 00:47:44,49.7834,-74.8492,47.98,86,100,17.22
543,Joensuu,FI,2021-09-15 00:59:17,62.6012,29.7632,42.28,96,90,4.0
544,Nerchinskiy Zavod,RU,2021-09-15 00:59:18,51.3088,119.61,53.51,79,100,2.55
545,Inhambane,MZ,2021-09-15 00:59:18,-23.865,35.3833,72.07,90,0,12.33
546,Vadso,NO,2021-09-15 00:59:18,70.0744,29.7487,40.08,77,100,7.18
547,Algiers,DZ,2021-09-15 00:56:28,36.7525,3.042,80.42,57,40,3.44
548,Ilebo,CD,2021-09-15 00:59:19,-4.3167,20.5833,71.92,83,38,1.01
549,Lazaro Cardenas,MX,2021-09-15 00:59:20,17.9583,-102.2,75.69,92,100,4.05
550,Kidal,ML,2021-09-15 00:59:21,18.4411,1.4078,90.14,33,88,17.43
551,Cerquilho,BR,2021-09-15 00:57:46,-23.165,-47.7436,76.03,66,100,12.15
552,Moerai,PF,2021-09-15 00:59:21,-22.4333,-151.3333,73.65,80,8,17.18
553,Hindupur,IN,2021-09-15 00:58:31,13.8289,77.4933,70.07,87,100,7.25
554,Calama,CL,2021-09-15 00:51:09,-22.4667,-68.9333,51.01,29,99,4.72
555,Awjilah,LY,2021-09-15 00:57:10,29.1081,21.2869,74.37,49,0,10.31
556,Caranavi,BO,2021-09-15 00:59:22,-15.8167,-67.55,65.88,95,100,3.58
557,Atar,MR,2021-09-15 00:59:23,20.5169,-13.0499,93.97,24,5,16.46
558,Maraba,BR,2021-09-15 00:59:23,-5.3686,-49.1178,81.7,58,74,3.0
559,Pringsewu,ID,2021-09-15 00:59:24,-5.3582,104.9744,79.54,74,94,1.21
560,Tezu,IN,2021-09-15 00:51:17,27.9167,96.1667,81.72,66,10,0.47
561,Islamabad,PK,2021-09-15 00:56:11,33.7104,73.1338,79.84,76,0,5.41
562,Grindavik,IS,2021-09-15 00:51:23,63.8424,-22.4338,48.67,76,75,18.41
563,Dickinson,US,2021-09-15 00:59:26,29.4608,-95.0513,74.21,94,90,3.0
564,Meylan,FR,2021-09-15 00:59:26,45.2199,5.7901,74.95,81,100,1.54
565,Vanimo,PG,2021-09-15 00:49:42,-2.6741,141.3028,85.51,62,20,2.98
566,Juan Lacaze,UY,2021-09-15 00:59:27,-34.4342,-57.4381,48.11,73,0,8.93
567,Arlit,NE,2021-09-15 00:59:27,18.7369,7.3853,94.62,24,9,8.93
568,Dodge City,US,2021-09-15 00:59:28,37.7528,-100.0171,83.64,70,95,7.0
569,Teguise,ES,2021-09-15 00:54:38,29.0605,-13.564,70.02,78,0,4.61
570,Dunmore Town,BS,2021-09-15 00:59:29,25.5,-76.65,83.17,71,2,12.91
571,Buin,CL,2021-09-15 00:59:29,-33.7333,-70.75,57.24,58,0,4.16
